name,nodes,edges,density,time,result_set,result_w
SoA heuristic,20,15,0.039473684210526314,2.0200153812766075e-05,5,14.784352933956484
MMG,20,15,0.039473684210526314,9.849993512034416e-05,5,14.784352933956484
SoA heuristic,40,30,0.019230769230769232,2.9100105166435242e-05,10,50.81375295028316
MMG,40,30,0.019230769230769232,0.00022879987955093384,10,50.81375295028316
SoA heuristic,100,75,0.007575757575757576,7.500010542571545e-05,25,371.00738223756764
MMG,100,75,0.007575757575757576,0.0009556000586599112,25,371.00738223756764
SoA heuristic,200,150,0.0037688442211055275,0.00010870001278817654,50,1127.7147444606478
MMG,200,150,0.0037688442211055275,0.0034403998870402575,50,1127.7147444606478
SoA heuristic,400,300,0.0018796992481203006,0.00021739979274570942,100,4758.710353230867
MMG,400,300,0.0018796992481203006,0.011430899845436215,100,4758.710353230867
SoA heuristic,600,450,0.0012520868113522537,0.0003013999667018652,150,11374.716583126548
MMG,600,450,0.0012520868113522537,0.02806040016002953,150,11374.716583126548
SoA heuristic,1000,750,0.0007507507507507507,0.0005210000090301037,250,31630.849883965446
MMG,1000,750,0.0007507507507507507,0.07566739991307259,250,31630.849883965446
SoA heuristic,2000,1500,0.00037518759379689845,0.0011025001294910908,500,124196.87000668426
MMG,2000,1500,0.00037518759379689845,0.29880889994092286,500,124196.87000668426
SoA heuristic,4000,3000,0.00018754688672168043,0.002529700053855777,1000,495423.052977417
MMG,4000,3000,0.00018754688672168043,1.229212700156495,1000,495423.052977417
SoA heuristic,8000,6000,9.376172021502688e-05,0.005389500176534057,2000,1958442.4527719936
MMG,8000,6000,9.376172021502688e-05,4.915897099999711,2000,1958442.4527719936
SoA heuristic,20,15,0.039473684210526314,2.150004729628563e-05,5,13.921526167875161
MMG,20,15,0.039473684210526314,9.480002336204052e-05,5,13.921526167875161
SoA heuristic,40,30,0.019230769230769232,3.1899893656373024e-05,10,46.08486140715128
MMG,40,30,0.019230769230769232,0.00024359999224543571,10,46.08486140715128
SoA heuristic,100,75,0.007575757575757576,6.140000186860561e-05,25,296.40153855169405
MMG,100,75,0.007575757575757576,0.0009959000162780285,25,296.40153855169405
SoA heuristic,200,150,0.0037688442211055275,0.00011119991540908813,50,1332.5339313092104
MMG,200,150,0.0037688442211055275,0.003444500034675002,50,1332.5339313092104
SoA heuristic,400,300,0.0018796992481203006,0.00020270003005862236,100,5741.23430097957
MMG,400,300,0.0018796992481203006,0.012800500029698014,100,5741.23430097957
SoA heuristic,600,450,0.0012520868113522537,0.0002975000534206629,150,11448.46717283427
MMG,600,450,0.0012520868113522537,0.02779090008698404,150,11448.46717283427
SoA heuristic,1000,750,0.0007507507507507507,0.0005144001916050911,250,30826.400814429373
MMG,1000,750,0.0007507507507507507,0.07542170002125204,250,30826.400814429373
SoA heuristic,2000,1500,0.00037518759379689845,0.0011563000734895468,500,130116.7628182974
MMG,2000,1500,0.00037518759379689845,0.29684210009872913,500,130116.7628182974
SoA heuristic,4000,3000,0.00018754688672168043,0.0020238999277353287,1000,502278.1176187241
MMG,4000,3000,0.00018754688672168043,1.2302023998927325,1000,502278.1176187241
SoA heuristic,8000,6000,9.376172021502688e-05,0.005421499954536557,2000,1973170.1143399891
MMG,8000,6000,9.376172021502688e-05,4.7222927999682724,2000,1973170.1143399891
SoA heuristic,20,15,0.039473684210526314,2.5799963623285294e-05,5,9.622775340350671
MMG,20,15,0.039473684210526314,9.34000127017498e-05,5,9.622775340350671
SoA heuristic,40,30,0.019230769230769232,3.25001310557127e-05,10,49.04784398611366
MMG,40,30,0.019230769230769232,0.0002264000941067934,10,49.04784398611366
SoA heuristic,100,75,0.007575757575757576,5.760020576417446e-05,25,359.423586347243
MMG,100,75,0.007575757575757576,0.0009730998426675797,25,359.423586347243
SoA heuristic,200,150,0.0037688442211055275,0.00014979997649788857,50,1328.8477270011833
MMG,200,150,0.0037688442211055275,0.0034406001213937998,50,1328.8477270011833
SoA heuristic,400,300,0.0018796992481203006,0.00020570005290210247,100,4840.6660356714165
MMG,400,300,0.0018796992481203006,0.01258169999346137,100,4840.6660356714165
SoA heuristic,600,450,0.0012520868113522537,0.00030239997431635857,150,11252.511287795209
MMG,600,450,0.0012520868113522537,0.02790279989130795,150,11252.511287795209
SoA heuristic,1000,750,0.0007507507507507507,0.0005111000500619411,250,30299.437995595286
MMG,1000,750,0.0007507507507507507,0.07549209985882044,250,30299.437995595286
SoA heuristic,2000,1500,0.00037518759379689845,0.0011655001435428858,500,122542.03769636611
MMG,2000,1500,0.00037518759379689845,0.29773920006118715,500,122542.03769636611
SoA heuristic,4000,3000,0.00018754688672168043,0.0025545000098645687,1000,489457.3613025144
MMG,4000,3000,0.00018754688672168043,1.2163851999212056,1000,489457.3613025144
SoA heuristic,8000,6000,9.376172021502688e-05,0.007123199990019202,2000,2029074.514936601
MMG,8000,6000,9.376172021502688e-05,4.622949999989942,2000,2029074.514936601
SoA heuristic,20,15,0.039473684210526314,1.95999164134264e-05,5,11.158882392922841
MMG,20,15,0.039473684210526314,9.050010703504086e-05,5,11.158882392922841
SoA heuristic,40,30,0.019230769230769232,2.8299866244196892e-05,10,67.05898693136186
MMG,40,30,0.019230769230769232,0.00022050016559660435,10,67.05898693136186
SoA heuristic,100,75,0.007575757575757576,6.16998877376318e-05,25,354.6379923484293
MMG,100,75,0.007575757575757576,0.0010492999572306871,25,354.6379923484293
SoA heuristic,200,150,0.0037688442211055275,0.00013349996879696846,50,1274.6355805006456
MMG,200,150,0.0037688442211055275,0.0033738999627530575,50,1274.6355805006456
SoA heuristic,400,300,0.0018796992481203006,0.00021119997836649418,100,5209.489602075557
MMG,400,300,0.0018796992481203006,0.01298619993031025,100,5209.489602075557
SoA heuristic,600,450,0.0012520868113522537,0.0002999999560415745,150,11079.261088848598
MMG,600,450,0.0012520868113522537,0.028010500129312277,150,11079.261088848598
SoA heuristic,1000,750,0.0007507507507507507,0.0005112001672387123,250,30976.104869778694
MMG,1000,750,0.0007507507507507507,0.07610349985770881,250,30976.104869778694
SoA heuristic,2000,1500,0.00037518759379689845,0.0012972999829798937,500,129769.93756440301
MMG,2000,1500,0.00037518759379689845,0.30029869987629354,500,129769.93756440301
SoA heuristic,4000,3000,0.00018754688672168043,0.0023259001318365335,1000,509724.7133392544
MMG,4000,3000,0.00018754688672168043,1.470487300073728,1000,509724.7133392544
SoA heuristic,8000,6000,9.376172021502688e-05,0.006188699975609779,2000,1990060.187504875
MMG,8000,6000,9.376172021502688e-05,6.787098900182173,2000,1990060.187504875
SoA heuristic,20,15,0.039473684210526314,2.719997428357601e-05,5,11.143116253216185
MMG,20,15,0.039473684210526314,0.00012739980593323708,5,11.143116253216185
SoA heuristic,40,30,0.019230769230769232,2.8799986466765404e-05,10,49.450561203355136
MMG,40,30,0.019230769230769232,0.00021869991905987263,10,49.450561203355136
SoA heuristic,100,75,0.007575757575757576,5.339994095265865e-05,25,332.6357524283075
MMG,100,75,0.007575757575757576,0.0009008001070469618,25,332.6357524283075
SoA heuristic,200,150,0.0037688442211055275,0.00010050018317997456,50,1288.491572032457
MMG,200,150,0.0037688442211055275,0.0032579998951405287,50,1288.491572032457
SoA heuristic,400,300,0.0018796992481203006,0.00018079997971653938,100,5248.219545095271
MMG,400,300,0.0018796992481203006,0.012149899965152144,100,5248.219545095271
SoA heuristic,600,450,0.0012520868113522537,0.0005089999176561832,150,11862.853663127988
MMG,600,450,0.0012520868113522537,0.03721949993632734,150,11862.853663127988
SoA heuristic,1000,750,0.0007507507507507507,0.0011831000447273254,250,31767.237031159028
MMG,1000,750,0.0007507507507507507,0.08999289991334081,250,31767.237031159028
SoA heuristic,2000,1500,0.00037518759379689845,0.0010083999950438738,500,128169.91208090118
MMG,2000,1500,0.00037518759379689845,0.45069169998168945,500,128169.91208090118
SoA heuristic,4000,3000,0.00018754688672168043,0.0047647999599576,1000,502656.8608205762
MMG,4000,3000,0.00018754688672168043,1.7865895999129862,1000,502656.8608205762
SoA heuristic,8000,6000,9.376172021502688e-05,0.005219100043177605,2000,2005249.6950332162
MMG,8000,6000,9.376172021502688e-05,5.23253979999572,2000,2005249.6950332162
SoA heuristic,20,15,0.039473684210526314,2.1600164473056793e-05,5,10.549401080581017
MMG,20,15,0.039473684210526314,9.700004011392593e-05,5,10.549401080581017
SoA heuristic,40,30,0.019230769230769232,3.0300114303827286e-05,10,59.98193642500816
MMG,40,30,0.019230769230769232,0.000228899996727705,10,59.98193642500816
SoA heuristic,100,75,0.007575757575757576,5.570007488131523e-05,25,300.1523392402487
MMG,100,75,0.007575757575757576,0.0009175001177936792,25,300.1523392402487
SoA heuristic,200,150,0.0037688442211055275,0.00010390020906925201,50,1352.5920586372476
MMG,200,150,0.0037688442211055275,0.003280199831351638,50,1352.5920586372476
SoA heuristic,400,300,0.0018796992481203006,0.0001962999813258648,100,5137.218728178771
MMG,400,300,0.0018796992481203006,0.012502999976277351,100,5137.218728178771
SoA heuristic,600,450,0.0012520868113522537,0.0003123998176306486,150,10540.979963488666
MMG,600,450,0.0012520868113522537,0.027483500074595213,150,10540.979963488666
SoA heuristic,1000,750,0.0007507507507507507,0.0004633998032659292,250,31114.982921443938
MMG,1000,750,0.0007507507507507507,0.06855789991095662,250,31114.982921443938
SoA heuristic,2000,1500,0.00037518759379689845,0.0012598000466823578,500,130815.16486922749
MMG,2000,1500,0.00037518759379689845,0.29235500004142523,500,130815.16486922749
SoA heuristic,4000,3000,0.00018754688672168043,0.002096799900755286,1000,493299.34091936133
MMG,4000,3000,0.00018754688672168043,1.1861697998829186,1000,493299.34091936133
SoA heuristic,8000,6000,9.376172021502688e-05,0.004909600131213665,2000,1996968.4477139895
MMG,8000,6000,9.376172021502688e-05,4.731774599989876,2000,1996968.4477139895
SoA heuristic,20,15,0.039473684210526314,2.2999942302703857e-05,5,16.08089571243002
MMG,20,15,0.039473684210526314,0.00011139991693198681,5,16.08089571243002
SoA heuristic,40,30,0.019230769230769232,3.6999816074967384e-05,10,54.352189479216364
MMG,40,30,0.019230769230769232,0.00024319998919963837,10,54.352189479216364
SoA heuristic,100,75,0.007575757575757576,6.069988012313843e-05,25,337.2745613091466
MMG,100,75,0.007575757575757576,0.0009938001167029142,25,337.2745613091466
SoA heuristic,200,150,0.0037688442211055275,0.00010239984840154648,50,1117.3000284629054
MMG,200,150,0.0037688442211055275,0.003202199935913086,50,1117.3000284629054
SoA heuristic,400,300,0.0018796992481203006,0.00019890000112354755,100,5073.217734903476
MMG,400,300,0.0018796992481203006,0.01267779991030693,100,5073.217734903476
SoA heuristic,600,450,0.0012520868113522537,0.000291300006210804,150,11895.497043795955
MMG,600,450,0.0012520868113522537,0.02788379997946322,150,11895.497043795955
SoA heuristic,1000,750,0.0007507507507507507,0.00046469992958009243,250,31473.76456429053
MMG,1000,750,0.0007507507507507507,0.06962150009348989,250,31473.76456429053
SoA heuristic,2000,1500,0.00037518759379689845,0.0011187000200152397,500,127225.4090612604
MMG,2000,1500,0.00037518759379689845,0.2970825000666082,500,127225.4090612604
SoA heuristic,4000,3000,0.00018754688672168043,0.0021837998647242785,1000,501153.1964007749
MMG,4000,3000,0.00018754688672168043,1.1946117000188679,1000,501153.1964007749
SoA heuristic,8000,6000,9.376172021502688e-05,0.005292299902066588,2000,1969994.608944341
MMG,8000,6000,9.376172021502688e-05,4.717813800089061,2000,1969994.608944341
SoA heuristic,20,15,0.039473684210526314,2.069980837404728e-05,5,12.143027171319027
MMG,20,15,0.039473684210526314,0.00010890001431107521,5,12.143027171319027
SoA heuristic,40,30,0.019230769230769232,3.4999800845980644e-05,10,44.17487924682411
MMG,40,30,0.019230769230769232,0.0002297000028192997,10,44.17487924682411
SoA heuristic,100,75,0.007575757575757576,5.970010533928871e-05,25,349.7427367800699
MMG,100,75,0.007575757575757576,0.0010107001289725304,25,349.7427367800699
SoA heuristic,200,150,0.0037688442211055275,9.80000477284193e-05,50,1302.9581273855176
MMG,200,150,0.0037688442211055275,0.003128299955278635,50,1302.9581273855176
SoA heuristic,400,300,0.0018796992481203006,0.00019900011830031872,100,4978.894210040455
MMG,400,300,0.0018796992481203006,0.01258299988694489,100,4978.894210040455
SoA heuristic,600,450,0.0012520868113522537,0.0002919000107795,150,10697.428591652104
MMG,600,450,0.0012520868113522537,0.027850299840793014,150,10697.428591652104
SoA heuristic,1000,750,0.0007507507507507507,0.0005209001246839762,250,30891.034667365388
MMG,1000,750,0.0007507507507507507,0.07545619993470609,250,30891.034667365388
SoA heuristic,2000,1500,0.00037518759379689845,0.001186099834740162,500,127889.40805423912
MMG,2000,1500,0.00037518759379689845,0.28128699981607497,500,127889.40805423912
SoA heuristic,4000,3000,0.00018754688672168043,0.0019857999868690968,1000,493868.93361998943
MMG,4000,3000,0.00018754688672168043,1.1900973001029342,1000,493868.93361998943
SoA heuristic,8000,6000,9.376172021502688e-05,0.00437550013884902,2000,2040776.0462744613
MMG,8000,6000,9.376172021502688e-05,4.834117500111461,2000,2040776.0462744613
SoA heuristic,20,15,0.039473684210526314,2.1399930119514465e-05,5,12.63049295283037
MMG,20,15,0.039473684210526314,9.20998863875866e-05,5,12.63049295283037
SoA heuristic,40,30,0.019230769230769232,3.0099879950284958e-05,10,37.35484536732785
MMG,40,30,0.019230769230769232,0.0002342001534998417,10,37.35484536732785
SoA heuristic,100,75,0.007575757575757576,5.67000824958086e-05,25,319.5614656419208
MMG,100,75,0.007575757575757576,0.0009704998228698969,25,319.5614656419208
SoA heuristic,200,150,0.0037688442211055275,0.0001146998256444931,50,1058.519198415534
MMG,200,150,0.0037688442211055275,0.003270599991083145,50,1058.519198415534
SoA heuristic,400,300,0.0018796992481203006,0.00018440000712871552,100,5006.921734355192
MMG,400,300,0.0018796992481203006,0.011565200053155422,100,5006.921734355192
SoA heuristic,600,450,0.0012520868113522537,0.0003035999834537506,150,12160.351701823765
MMG,600,450,0.0012520868113522537,0.027647200040519238,150,12160.351701823765
SoA heuristic,1000,750,0.0007507507507507507,0.0005195001140236855,250,31897.677120553744
MMG,1000,750,0.0007507507507507507,0.07591549982316792,250,31897.677120553744
SoA heuristic,2000,1500,0.00037518759379689845,0.0010593000333756208,500,127894.17554865764
MMG,2000,1500,0.00037518759379689845,0.29514780011959374,500,127894.17554865764
SoA heuristic,4000,3000,0.00018754688672168043,0.002523600123822689,1000,504595.4648634252
MMG,4000,3000,0.00018754688672168043,1.2020491000730544,1000,504595.4648634252
SoA heuristic,8000,6000,9.376172021502688e-05,0.005023099947720766,2000,1975535.547824513
MMG,8000,6000,9.376172021502688e-05,4.649230800103396,2000,1975535.547824513
SoA heuristic,20,15,0.039473684210526314,2.150004729628563e-05,5,14.008281940953971
MMG,20,15,0.039473684210526314,9.220000356435776e-05,5,14.008281940953971
SoA heuristic,40,30,0.019230769230769232,3.20998951792717e-05,10,41.84166195190163
MMG,40,30,0.019230769230769232,0.0002389999572187662,10,41.84166195190163
SoA heuristic,100,75,0.007575757575757576,6.070011295378208e-05,25,306.245853327172
MMG,100,75,0.007575757575757576,0.0009651998989284039,25,306.245853327172
SoA heuristic,200,150,0.0037688442211055275,0.00010539987124502659,50,1320.40310985964
MMG,200,150,0.0037688442211055275,0.003402099944651127,50,1320.40310985964
SoA heuristic,400,300,0.0018796992481203006,0.00018640002235770226,100,5212.733429117356
MMG,400,300,0.0018796992481203006,0.011935400078073144,100,5212.733429117356
SoA heuristic,600,450,0.0012520868113522537,0.00030319998040795326,150,11191.945427265635
MMG,600,450,0.0012520868113522537,0.02795480005443096,150,11191.945427265635
SoA heuristic,1000,750,0.0007507507507507507,0.0004992999602109194,250,31448.11185868851
MMG,1000,750,0.0007507507507507507,0.07523099984973669,250,31448.11185868851
SoA heuristic,2000,1500,0.00037518759379689845,0.0011648000217974186,500,122888.85110936077
MMG,2000,1500,0.00037518759379689845,0.2979176000226289,500,122888.85110936077
SoA heuristic,4000,3000,0.00018754688672168043,0.002844699891284108,1000,500725.9860771882
MMG,4000,3000,0.00018754688672168043,1.2201668000780046,1000,500725.9860771882
SoA heuristic,8000,6000,9.376172021502688e-05,0.004904499975964427,2000,2012281.1202485464
MMG,8000,6000,9.376172021502688e-05,5.988815800053999,2000,2012281.1202485464
SoA heuristic,20,15,0.039473684210526314,2.0799925550818443e-05,5,16.475875779697773
MMG,20,15,0.039473684210526314,9.620003402233124e-05,5,16.475875779697773
SoA heuristic,40,30,0.019230769230769232,8.690007962286472e-05,10,62.972769075560194
MMG,40,30,0.019230769230769232,0.0006510999519377947,10,62.972769075560194
SoA heuristic,100,75,0.007575757575757576,5.550007335841656e-05,25,347.6425547490137
MMG,100,75,0.007575757575757576,0.001428700052201748,25,347.6425547490137
SoA heuristic,200,150,0.0037688442211055275,9.569991379976273e-05,50,1234.3098991719403
MMG,200,150,0.0037688442211055275,0.005587099818512797,50,1234.3098991719403
SoA heuristic,400,300,0.0018796992481203006,0.00018989993259310722,100,5123.269104632352
MMG,400,300,0.0018796992481203006,0.014253900153562427,100,5123.269104632352
SoA heuristic,600,450,0.0012520868113522537,0.0003105001524090767,150,10547.384824685465
MMG,600,450,0.0012520868113522537,0.02498750016093254,150,10547.384824685465
SoA heuristic,1000,750,0.0007507507507507507,0.0006850000936537981,250,30759.324247369812
MMG,1000,750,0.0007507507507507507,0.1233063000254333,250,30759.324247369812
SoA heuristic,2000,1500,0.00037518759379689845,0.0013381000608205795,500,128140.00484731518
MMG,2000,1500,0.00037518759379689845,0.34189540008082986,500,128140.00484731518
SoA heuristic,4000,3000,0.00018754688672168043,0.004432099871337414,1000,493334.66331650654
MMG,4000,3000,0.00018754688672168043,1.657019400037825,1000,493334.66331650654
SoA heuristic,8000,6000,9.376172021502688e-05,0.004291800083592534,2000,1985608.4375904805
MMG,8000,6000,9.376172021502688e-05,6.19601900014095,2000,1985608.4375904805
SoA heuristic,20,15,0.039473684210526314,5.7999975979328156e-05,5,13.182970564371988
MMG,20,15,0.039473684210526314,0.00027670012786984444,5,13.182970564371988
SoA heuristic,40,30,0.019230769230769232,3.1300121918320656e-05,10,53.80081709831926
MMG,40,30,0.019230769230769232,0.00022489996626973152,10,53.80081709831926
SoA heuristic,100,75,0.007575757575757576,5.2999937906861305e-05,25,363.4154134191032
MMG,100,75,0.007575757575757576,0.0008988999761641026,25,363.4154134191032
SoA heuristic,200,150,0.0037688442211055275,0.0002896999940276146,50,1163.1150336723815
MMG,200,150,0.0037688442211055275,0.007372699910774827,50,1163.1150336723815
SoA heuristic,400,300,0.0018796992481203006,0.00019610021263360977,100,4954.897116985082
MMG,400,300,0.0018796992481203006,0.012071399949491024,100,4954.897116985082
SoA heuristic,600,450,0.0012520868113522537,0.00027849990874528885,150,11893.005604479618
MMG,600,450,0.0012520868113522537,0.029605200048536062,150,11893.005604479618
SoA heuristic,1000,750,0.0007507507507507507,0.0004475000314414501,250,31072.660816509477
MMG,1000,750,0.0007507507507507507,0.10213000001385808,250,31072.660816509477
SoA heuristic,2000,1500,0.00037518759379689845,0.001000699819996953,500,118758.26770145504
MMG,2000,1500,0.00037518759379689845,0.46763899992220104,500,118758.26770145504
SoA heuristic,4000,3000,0.00018754688672168043,0.0062818999867886305,1000,506911.51186470845
MMG,4000,3000,0.00018754688672168043,1.4280881001614034,1000,506911.51186470845
SoA heuristic,8000,6000,9.376172021502688e-05,0.004244999960064888,2000,1981280.3065274032
MMG,8000,6000,9.376172021502688e-05,6.862037000013515,2000,1981280.3065274032
SoA heuristic,20,15,0.039473684210526314,1.9300030544400215e-05,5,14.773965514618022
MMG,20,15,0.039473684210526314,9.360001422464848e-05,5,14.773965514618022
SoA heuristic,40,30,0.019230769230769232,3.060000017285347e-05,10,57.41966666360764
MMG,40,30,0.019230769230769232,0.00023310002870857716,10,57.41966666360764
SoA heuristic,100,75,0.007575757575757576,5.50001859664917e-05,25,258.9717435881505
MMG,100,75,0.007575757575757576,0.0009127000812441111,25,258.9717435881505
SoA heuristic,200,150,0.0037688442211055275,0.00011520017869770527,50,1257.2816959014237
MMG,200,150,0.0037688442211055275,0.0033454999793320894,50,1257.2816959014237
SoA heuristic,400,300,0.0018796992481203006,0.0002025999128818512,100,4739.371924197519
MMG,400,300,0.0018796992481203006,0.012562999967485666,100,4739.371924197519
SoA heuristic,600,450,0.0012520868113522537,0.0002832000609487295,150,11479.014571713977
MMG,600,450,0.0012520868113522537,0.033830400090664625,150,11479.014571713977
SoA heuristic,1000,750,0.0007507507507507507,0.0005181999877095222,250,29701.703913170593
MMG,1000,750,0.0007507507507507507,0.09192160004749894,250,29701.703913170593
SoA heuristic,2000,1500,0.00037518759379689845,0.0012558000162243843,500,126135.18904598546
MMG,2000,1500,0.00037518759379689845,0.489755499875173,500,126135.18904598546
SoA heuristic,4000,3000,0.00018754688672168043,0.005630899919196963,1000,497877.1342724803
MMG,4000,3000,0.00018754688672168043,1.773037400096655,1000,497877.1342724803
SoA heuristic,8000,6000,9.376172021502688e-05,0.012068399926647544,2000,2045377.1909714001
MMG,8000,6000,9.376172021502688e-05,6.832457900047302,2000,2045377.1909714001
SoA heuristic,20,15,0.039473684210526314,2.2600172087550163e-05,5,11.055562084932651
MMG,20,15,0.039473684210526314,0.0001026000827550888,5,11.055562084932651
SoA heuristic,40,30,0.019230769230769232,3.0100112780928612e-05,10,47.71878412791954
MMG,40,30,0.019230769230769232,0.0002335000317543745,10,47.71878412791954
SoA heuristic,100,75,0.007575757575757576,6.67001586407423e-05,25,306.90915260679674
MMG,100,75,0.007575757575757576,0.001002799952402711,25,306.90915260679674
SoA heuristic,200,150,0.0037688442211055275,0.00029150000773370266,50,1330.3389574799842
MMG,200,150,0.0037688442211055275,0.0073721997905522585,50,1330.3389574799842
SoA heuristic,400,300,0.0018796992481203006,0.00040220003575086594,100,5115.368078209464
MMG,400,300,0.0018796992481203006,0.026581999845802784,100,5115.368078209464
SoA heuristic,600,450,0.0012520868113522537,0.00032270001247525215,150,10509.481647392118
MMG,600,450,0.0012520868113522537,0.037376899970695376,150,10509.481647392118
SoA heuristic,1000,750,0.0007507507507507507,0.00048089982010424137,250,32744.33555736055
MMG,1000,750,0.0007507507507507507,0.11423509987071157,250,32744.33555736055
SoA heuristic,2000,1500,0.00037518759379689845,0.0012495999690145254,500,123610.02990687589
MMG,2000,1500,0.00037518759379689845,0.4273258000612259,500,123610.02990687589
SoA heuristic,4000,3000,0.00018754688672168043,0.0021008001640439034,1000,510299.3338361552
MMG,4000,3000,0.00018754688672168043,1.4218882001005113,1000,510299.3338361552
SoA heuristic,8000,6000,9.376172021502688e-05,0.004631600109860301,2000,2004696.02639973
MMG,8000,6000,9.376172021502688e-05,7.109160199994221,2000,2004696.02639973
SoA heuristic,20,15,0.039473684210526314,2.459995448589325e-05,5,10.847777143743755
MMG,20,15,0.039473684210526314,0.00011499994434416294,5,10.847777143743755
SoA heuristic,40,30,0.019230769230769232,2.8899870812892914e-05,10,38.49670411259212
MMG,40,30,0.019230769230769232,0.0002223001793026924,10,38.49670411259212
SoA heuristic,100,75,0.007575757575757576,5.470006726682186e-05,25,352.9920620877246
MMG,100,75,0.007575757575757576,0.000907599925994873,25,352.9920620877246
SoA heuristic,200,150,0.0037688442211055275,0.00010159984230995178,50,1214.945835399566
MMG,200,150,0.0037688442211055275,0.005651900079101324,50,1214.945835399566
SoA heuristic,400,300,0.0018796992481203006,0.0003796000964939594,100,5423.492031163865
MMG,400,300,0.0018796992481203006,0.013462499948218465,100,5423.492031163865
SoA heuristic,600,450,0.0012520868113522537,0.0002810999285429716,150,10852.854694082855
MMG,600,450,0.0012520868113522537,0.03017610008828342,150,10852.854694082855
SoA heuristic,1000,750,0.0007507507507507507,0.0011817000340670347,250,31013.019487857833
MMG,1000,750,0.0007507507507507507,0.10540200001560152,250,31013.019487857833
SoA heuristic,2000,1500,0.00037518759379689845,0.0017733999993652105,500,130315.7349545168
MMG,2000,1500,0.00037518759379689845,0.4243642999790609,500,130315.7349545168
SoA heuristic,4000,3000,0.00018754688672168043,0.00307259988039732,1000,503500.29404944857
MMG,4000,3000,0.00018754688672168043,1.7138647998217493,1000,503500.29404944857
SoA heuristic,8000,6000,9.376172021502688e-05,0.0040802001021802425,2000,1956428.923675452
MMG,8000,6000,9.376172021502688e-05,7.053121600067243,2000,1956428.923675452
SoA heuristic,20,15,0.039473684210526314,2.5900080800056458e-05,5,12.163607212484358
MMG,20,15,0.039473684210526314,0.00011819996871054173,5,12.163607212484358
SoA heuristic,40,30,0.019230769230769232,2.9100105166435242e-05,10,38.28636408695999
MMG,40,30,0.019230769230769232,0.0002234999556094408,10,38.28636408695999
SoA heuristic,100,75,0.007575757575757576,6.120000034570694e-05,25,330.8381949550979
MMG,100,75,0.007575757575757576,0.0009129000827670097,25,330.8381949550979
SoA heuristic,200,150,0.0037688442211055275,9.940005838871002e-05,50,1334.537309540832
MMG,200,150,0.0037688442211055275,0.0077420000452548265,50,1334.537309540832
SoA heuristic,400,300,0.0018796992481203006,0.0005298000760376453,100,4946.321897314024
MMG,400,300,0.0018796992481203006,0.02656810008920729,100,4946.321897314024
SoA heuristic,600,450,0.0012520868113522537,0.0008134001400321722,150,10748.405363686685
MMG,600,450,0.0012520868113522537,0.04762049997225404,150,10748.405363686685
SoA heuristic,1000,750,0.0007507507507507507,0.0007211000192910433,250,32850.03148435721
MMG,1000,750,0.0007507507507507507,0.07878169999457896,250,32850.03148435721
SoA heuristic,2000,1500,0.00037518759379689845,0.0030249999836087227,500,124098.77372781029
MMG,2000,1500,0.00037518759379689845,0.3906467000488192,500,124098.77372781029
SoA heuristic,4000,3000,0.00018754688672168043,0.0020009998697787523,1000,493501.2088016135
MMG,4000,3000,0.00018754688672168043,1.722188799874857,1000,493501.2088016135
SoA heuristic,8000,6000,9.376172021502688e-05,0.004846199881285429,2000,1990872.4261676471
MMG,8000,6000,9.376172021502688e-05,7.227644900092855,2000,1990872.4261676471
SoA heuristic,20,15,0.039473684210526314,7.189996540546417e-05,5,5.714611188323039
MMG,20,15,0.039473684210526314,0.0003591999411582947,5,5.714611188323039
SoA heuristic,40,30,0.019230769230769232,8.279993198812008e-05,10,63.198154475052206
MMG,40,30,0.019230769230769232,0.000565999886021018,10,63.198154475052206
SoA heuristic,100,75,0.007575757575757576,5.439994856715202e-05,25,311.3786482315901
MMG,100,75,0.007575757575757576,0.0009270000737160444,25,311.3786482315901
SoA heuristic,200,150,0.0037688442211055275,9.829993359744549e-05,50,1300.5668896768393
MMG,200,150,0.0037688442211055275,0.004604999907314777,50,1300.5668896768393
SoA heuristic,400,300,0.0018796992481203006,0.00018949992954730988,100,4671.611907517703
MMG,400,300,0.0018796992481203006,0.03159120003692806,100,4671.611907517703
SoA heuristic,600,450,0.0012520868113522537,0.000268799951300025,150,11386.719853759987
MMG,600,450,0.0012520868113522537,0.04332179995253682,150,11386.719853759987
SoA heuristic,1000,750,0.0007507507507507507,0.0014512999914586544,250,30257.49858901935
MMG,1000,750,0.0007507507507507507,0.15290199988521636,250,30257.49858901935
SoA heuristic,2000,1500,0.00037518759379689845,0.0023898000363260508,500,126775.13504905588
MMG,2000,1500,0.00037518759379689845,0.43815019982866943,500,126775.13504905588
SoA heuristic,4000,3000,0.00018754688672168043,0.002010500058531761,1000,488466.2937827996
MMG,4000,3000,0.00018754688672168043,1.7899979001376778,1000,488466.2937827996
SoA heuristic,8000,6000,9.376172021502688e-05,0.012898599961772561,2000,2011694.4834950722
MMG,8000,6000,9.376172021502688e-05,7.201618900056928,2000,2011694.4834950722
SoA heuristic,20,15,0.039473684210526314,2.0700041204690933e-05,5,11.821536487990945
MMG,20,15,0.039473684210526314,9.460002183914185e-05,5,11.821536487990945
SoA heuristic,40,30,0.019230769230769232,2.8900103643536568e-05,10,62.05095207381821
MMG,40,30,0.019230769230769232,0.00021520000882446766,10,62.05095207381821
SoA heuristic,100,75,0.007575757575757576,5.2999937906861305e-05,25,393.1908594213995
MMG,100,75,0.007575757575757576,0.0009172998834401369,25,393.1908594213995
SoA heuristic,200,150,0.0037688442211055275,9.729992598295212e-05,50,1355.6866564244451
MMG,200,150,0.0037688442211055275,0.0030636999290436506,50,1355.6866564244451
SoA heuristic,400,300,0.0018796992481203006,0.00017959997057914734,100,5188.815243983261
MMG,400,300,0.0018796992481203006,0.030597300035879016,100,5188.815243983261
SoA heuristic,600,450,0.0012520868113522537,0.00025979988276958466,150,10279.03158300873
MMG,600,450,0.0012520868113522537,0.06284469994716346,150,10279.03158300873
SoA heuristic,1000,750,0.0007507507507507507,0.00044570001773536205,250,31308.50428898239
MMG,1000,750,0.0007507507507507507,0.12584490003064275,250,31308.50428898239
SoA heuristic,2000,1500,0.00037518759379689845,0.001341099850833416,500,123422.4839384215
MMG,2000,1500,0.00037518759379689845,0.38488230016082525,500,123422.4839384215
SoA heuristic,4000,3000,0.00018754688672168043,0.006160699995234609,1000,498568.7583181777
MMG,4000,3000,0.00018754688672168043,1.7828192999586463,1000,498568.7583181777
SoA heuristic,8000,6000,9.376172021502688e-05,0.03866339987143874,2000,1980459.3406817764
MMG,8000,6000,9.376172021502688e-05,7.421780799981207,2000,1980459.3406817764
SoA heuristic,20,15,0.039473684210526314,2.100015990436077e-05,5,10.897794145723573
MMG,20,15,0.039473684210526314,9.079999290406704e-05,5,10.897794145723573
SoA heuristic,40,30,0.019230769230769232,2.9900111258029938e-05,10,54.45237685174886
MMG,40,30,0.019230769230769232,0.00022819987498223782,10,54.45237685174886
SoA heuristic,100,75,0.007575757575757576,0.00010300008580088615,25,387.764884916154
MMG,100,75,0.007575757575757576,0.0017075000796467066,25,387.764884916154
SoA heuristic,200,150,0.0037688442211055275,9.620003402233124e-05,50,1306.6917341848198
MMG,200,150,0.0037688442211055275,0.0031562000513076782,50,1306.6917341848198
SoA heuristic,400,300,0.0018796992481203006,0.0005002999678254128,100,5411.254279992258
MMG,400,300,0.0018796992481203006,0.019720100099220872,100,5411.254279992258
SoA heuristic,600,450,0.0012520868113522537,0.0007775998674333096,150,10950.165151807352
MMG,600,450,0.0012520868113522537,0.04586149984970689,150,10950.165151807352
SoA heuristic,1000,750,0.0007507507507507507,0.00044570001773536205,250,30261.057985280106
MMG,1000,750,0.0007507507507507507,0.10064399987459183,250,30261.057985280106
SoA heuristic,2000,1500,0.00037518759379689845,0.0038473999593406916,500,123218.14014742855
MMG,2000,1500,0.00037518759379689845,0.48097550007514656,500,123218.14014742855
SoA heuristic,4000,3000,0.00018754688672168043,0.00246219988912344,1000,496087.5496939167
MMG,4000,3000,0.00018754688672168043,1.7498327000066638,1000,496087.5496939167
SoA heuristic,8000,6000,9.376172021502688e-05,0.005101899849250913,2000,1987836.6345800024
MMG,8000,6000,9.376172021502688e-05,6.952123999828473,2000,1987836.6345800024
SoA heuristic,20,15,0.039473684210526314,7.00000673532486e-05,5,13.281282287908935
MMG,20,15,0.039473684210526314,0.00027529988437891006,5,13.281282287908935
SoA heuristic,40,30,0.019230769230769232,0.00014410004951059818,10,53.90183212595829
MMG,40,30,0.019230769230769232,0.0008559999987483025,10,53.90183212595829
SoA heuristic,100,75,0.007575757575757576,6.869994103908539e-05,25,327.5110378644365
MMG,100,75,0.007575757575757576,0.0011279000900685787,25,327.5110378644365
SoA heuristic,200,150,0.0037688442211055275,9.909993968904018e-05,50,1342.827551322812
MMG,200,150,0.0037688442211055275,0.0031280999537557364,50,1342.827551322812
SoA heuristic,400,300,0.0018796992481203006,0.0001838000025600195,100,4911.254029934465
MMG,400,300,0.0018796992481203006,0.011499299900606275,100,4911.254029934465
SoA heuristic,600,450,0.0012520868113522537,0.0007819000165909529,150,11630.75682807196
MMG,600,450,0.0012520868113522537,0.03831760003231466,150,11630.75682807196
SoA heuristic,1000,750,0.0007507507507507507,0.000484200194478035,250,30785.058381027095
MMG,1000,750,0.0007507507507507507,0.08901629992760718,250,30785.058381027095
SoA heuristic,2000,1500,0.00037518759379689845,0.0021367999725043774,500,121738.86234512583
MMG,2000,1500,0.00037518759379689845,0.38969020009972155,500,121738.86234512583
SoA heuristic,4000,3000,0.00018754688672168043,0.00223880005069077,1000,500117.33447232016
MMG,4000,3000,0.00018754688672168043,1.8410980999469757,1000,500117.33447232016
SoA heuristic,8000,6000,9.376172021502688e-05,0.004467400023713708,2000,1972764.3488012892
MMG,8000,6000,9.376172021502688e-05,7.0243836001027375,2000,1972764.3488012892
SoA heuristic,20,15,0.039473684210526314,2.3300061002373695e-05,5,11.775937027311926
MMG,20,15,0.039473684210526314,9.150011464953423e-05,5,11.775937027311926
SoA heuristic,40,30,0.019230769230769232,2.9299873858690262e-05,10,56.746555470488644
MMG,40,30,0.019230769230769232,0.00022709998302161694,10,56.746555470488644
SoA heuristic,100,75,0.007575757575757576,0.00016389996744692326,25,292.10083461835836
MMG,100,75,0.007575757575757576,0.0019284000154584646,25,292.10083461835836
SoA heuristic,200,150,0.0037688442211055275,0.00028689997270703316,50,1264.7035199657603
MMG,200,150,0.0037688442211055275,0.009207499912008643,50,1264.7035199657603
SoA heuristic,400,300,0.0018796992481203006,0.0005472998600453138,100,5028.539926758513
MMG,400,300,0.0018796992481203006,0.017595099983736873,100,5028.539926758513
SoA heuristic,600,450,0.0012520868113522537,0.0002669999375939369,150,10330.34779988778
MMG,600,450,0.0012520868113522537,0.048931000055745244,150,10330.34779988778
SoA heuristic,1000,750,0.0007507507507507507,0.0006925999186933041,250,29556.44870495715
MMG,1000,750,0.0007507507507507507,0.09470409993082285,250,29556.44870495715
SoA heuristic,2000,1500,0.00037518759379689845,0.001023199874907732,500,125229.1714974488
MMG,2000,1500,0.00037518759379689845,0.4227535999380052,500,125229.1714974488
SoA heuristic,4000,3000,0.00018754688672168043,0.002323100110515952,1000,514307.22385294107
MMG,4000,3000,0.00018754688672168043,1.8368615000508726,1000,514307.22385294107
SoA heuristic,8000,6000,9.376172021502688e-05,0.007510000141337514,2000,1988334.889098081
MMG,8000,6000,9.376172021502688e-05,6.476602399954572,2000,1988334.889098081
SoA heuristic,20,15,0.039473684210526314,2.0700041204690933e-05,5,14.984241515600445
MMG,20,15,0.039473684210526314,9.50999092310667e-05,5,14.984241515600445
SoA heuristic,40,30,0.019230769230769232,2.9100105166435242e-05,10,58.96797604444053
MMG,40,30,0.019230769230769232,0.0002359999343752861,10,58.96797604444053
SoA heuristic,100,75,0.007575757575757576,5.669984966516495e-05,25,336.4750535395627
MMG,100,75,0.007575757575757576,0.0009576000738888979,25,336.4750535395627
SoA heuristic,200,150,0.0037688442211055275,0.00010870001278817654,50,1245.1506152694892
MMG,200,150,0.0037688442211055275,0.003296499839052558,50,1245.1506152694892
SoA heuristic,400,300,0.0018796992481203006,0.00020120013505220413,100,5095.503741904237
MMG,400,300,0.0018796992481203006,0.012447700137272477,100,5095.503741904237
SoA heuristic,600,450,0.0012520868113522537,0.0002862000837922096,150,11404.11097002989
MMG,600,450,0.0012520868113522537,0.02763050002977252,150,11404.11097002989
SoA heuristic,1000,750,0.0007507507507507507,0.000498299952596426,250,32780.56170834757
MMG,1000,750,0.0007507507507507507,0.07434679986909032,250,32780.56170834757
SoA heuristic,2000,1500,0.00037518759379689845,0.0010605999268591404,500,127015.84836951796
MMG,2000,1500,0.00037518759379689845,0.29477000003680587,500,127015.84836951796
SoA heuristic,4000,3000,0.00018754688672168043,0.0021152999252080917,1000,499954.35053528583
MMG,4000,3000,0.00018754688672168043,1.2065747000742704,1000,499954.35053528583
SoA heuristic,8000,6000,9.376172021502688e-05,0.004412200069054961,2000,2023996.4378621196
MMG,8000,6000,9.376172021502688e-05,4.691443799994886,2000,2023996.4378621196
SoA heuristic,20,15,0.039473684210526314,2.329982817173004e-05,5,7.70202616954443
MMG,20,15,0.039473684210526314,0.00010730000212788582,5,7.70202616954443
SoA heuristic,40,30,0.019230769230769232,3.2899901270866394e-05,10,47.40296530595136
MMG,40,30,0.019230769230769232,0.0003263000398874283,10,47.40296530595136
SoA heuristic,100,75,0.007575757575757576,5.779997445642948e-05,25,341.11159260044997
MMG,100,75,0.007575757575757576,0.0009507001377642155,25,341.11159260044997
SoA heuristic,200,150,0.0037688442211055275,0.00011079991236329079,50,1463.458233021473
MMG,200,150,0.0037688442211055275,0.0034556000027805567,50,1463.458233021473
SoA heuristic,400,300,0.0018796992481203006,0.0002017999067902565,100,4839.881072228919
MMG,400,300,0.0018796992481203006,0.012457899982109666,100,4839.881072228919
SoA heuristic,600,450,0.0012520868113522537,0.00029850006103515625,150,11787.90273052891
MMG,600,450,0.0012520868113522537,0.027997000142931938,150,11787.90273052891
SoA heuristic,1000,750,0.0007507507507507507,0.0008419998921453953,250,29467.49545425569
MMG,1000,750,0.0007507507507507507,0.07498369994573295,250,29467.49545425569
SoA heuristic,2000,1500,0.00037518759379689845,0.0012916999403387308,500,127495.09568188281
MMG,2000,1500,0.00037518759379689845,0.2957009000238031,500,127495.09568188281
SoA heuristic,4000,3000,0.00018754688672168043,0.002126599894836545,1000,507247.58298827964
MMG,4000,3000,0.00018754688672168043,1.18988350010477,1000,507247.58298827964
SoA heuristic,8000,6000,9.376172021502688e-05,0.005163900088518858,2000,1977342.705882202
MMG,8000,6000,9.376172021502688e-05,4.6447777999565005,2000,1977342.705882202
SoA heuristic,20,15,0.039473684210526314,2.119992859661579e-05,5,14.186224191359011
MMG,20,15,0.039473684210526314,9.42000187933445e-05,5,14.186224191359011
SoA heuristic,40,30,0.019230769230769232,2.9099872335791588e-05,10,52.414166955218036
MMG,40,30,0.019230769230769232,0.00022869999520480633,10,52.414166955218036
SoA heuristic,100,75,0.007575757575757576,5.679996684193611e-05,25,301.8867269806274
MMG,100,75,0.007575757575757576,0.0009506999049335718,25,301.8867269806274
SoA heuristic,200,150,0.0037688442211055275,9.8800053820014e-05,50,1308.6974837420007
MMG,200,150,0.0037688442211055275,0.0031564999371767044,50,1308.6974837420007
SoA heuristic,400,300,0.0018796992481203006,0.00018889992497861385,100,4741.973599151067
MMG,400,300,0.0018796992481203006,0.012121399864554405,100,4741.973599151067
SoA heuristic,600,450,0.0012520868113522537,0.0002998998388648033,150,10610.579876829703
MMG,600,450,0.0012520868113522537,0.02789140003733337,150,10610.579876829703
SoA heuristic,1000,750,0.0007507507507507507,0.0005024999845772982,250,30938.699090069746
MMG,1000,750,0.0007507507507507507,0.07500700000673532,250,30938.699090069746
SoA heuristic,2000,1500,0.00037518759379689845,0.0011897000949829817,500,124240.62234102968
MMG,2000,1500,0.00037518759379689845,0.2969561000354588,500,124240.62234102968
SoA heuristic,4000,3000,0.00018754688672168043,0.0025510000996291637,1000,499013.04435280076
MMG,4000,3000,0.00018754688672168043,1.1974452000577003,1000,499013.04435280076
SoA heuristic,8000,6000,9.376172021502688e-05,0.004369900096207857,2000,1978868.7373975231
MMG,8000,6000,9.376172021502688e-05,4.9110811001155525,2000,1978868.7373975231
SoA heuristic,20,15,0.039473684210526314,1.9900035113096237e-05,5,15.227685401408362
MMG,20,15,0.039473684210526314,9.190011769533157e-05,5,15.227685401408362
SoA heuristic,40,30,0.019230769230769232,2.8900103643536568e-05,10,32.713864665868975
MMG,40,30,0.019230769230769232,0.00022649997845292091,10,32.713864665868975
SoA heuristic,100,75,0.007575757575757576,6.520003080368042e-05,25,343.7631528806128
MMG,100,75,0.007575757575757576,0.0009193001314997673,25,343.7631528806128
SoA heuristic,200,150,0.0037688442211055275,0.00010740011930465698,50,1260.1456143302228
MMG,200,150,0.0037688442211055275,0.0033198001328855753,50,1260.1456143302228
SoA heuristic,400,300,0.0018796992481203006,0.00018669990822672844,100,5092.0621860070005
MMG,400,300,0.0018796992481203006,0.011647399980574846,100,5092.0621860070005
SoA heuristic,600,450,0.0012520868113522537,0.0003051001112908125,150,11688.891048362599
MMG,600,450,0.0012520868113522537,0.027956000063568354,150,11688.891048362599
SoA heuristic,1000,750,0.0007507507507507507,0.0005255998112261295,250,30271.17884797313
MMG,1000,750,0.0007507507507507507,0.07500929990783334,250,30271.17884797313
SoA heuristic,2000,1500,0.00037518759379689845,0.001260099932551384,500,124132.66983664536
MMG,2000,1500,0.00037518759379689845,0.2967892999295145,500,124132.66983664536
SoA heuristic,4000,3000,0.00018754688672168043,0.002178599825128913,1000,490518.3243716198
MMG,4000,3000,0.00018754688672168043,1.2198296999558806,1000,490518.3243716198
SoA heuristic,8000,6000,9.376172021502688e-05,0.004463499877601862,2000,1984322.0470882927
MMG,8000,6000,9.376172021502688e-05,4.90948719996959,2000,1984322.0470882927
SoA heuristic,20,15,0.039473684210526314,2.1600164473056793e-05,5,9.800914370298123
MMG,20,15,0.039473684210526314,9.600003249943256e-05,5,9.800914370298123
SoA heuristic,40,30,0.019230769230769232,2.9899878427386284e-05,10,48.26059478808473
MMG,40,30,0.019230769230769232,0.00023159990087151527,10,48.26059478808473
SoA heuristic,100,75,0.007575757575757576,5.979998968541622e-05,25,336.169485177902
MMG,100,75,0.007575757575757576,0.000989799853414297,25,336.169485177902
SoA heuristic,200,150,0.0037688442211055275,0.00010479986667633057,50,1225.443609423054
MMG,200,150,0.0037688442211055275,0.0032643999438732862,50,1225.443609423054
SoA heuristic,400,300,0.0018796992481203006,0.0002087999600917101,100,5256.212528279132
MMG,400,300,0.0018796992481203006,0.01264249999076128,100,5256.212528279132
SoA heuristic,600,450,0.0012520868113522537,0.0002967000473290682,150,11488.023705182517
MMG,600,450,0.0012520868113522537,0.02803659997880459,150,11488.023705182517
SoA heuristic,1000,750,0.0007507507507507507,0.0005465000867843628,250,30898.597566088425
MMG,1000,750,0.0007507507507507507,0.07771100010722876,250,30898.597566088425
SoA heuristic,2000,1500,0.00037518759379689845,0.0011473000049591064,500,120545.96407297907
MMG,2000,1500,0.00037518759379689845,0.29297170019708574,500,120545.96407297907
SoA heuristic,4000,3000,0.00018754688672168043,0.0021760999225080013,1000,501578.8166277705
MMG,4000,3000,0.00018754688672168043,1.197148600127548,1000,501578.8166277705
SoA heuristic,8000,6000,9.376172021502688e-05,0.0053922999650239944,2000,2026714.3393041603
MMG,8000,6000,9.376172021502688e-05,4.948887099977583,2000,2026714.3393041603
SoA heuristic,20,15,0.039473684210526314,2.41999514400959e-05,5,7.222321718376762
MMG,20,15,0.039473684210526314,0.00010159984230995178,5,7.222321718376762
SoA heuristic,40,30,0.019230769230769232,3.0899886041879654e-05,10,56.73219064466534
MMG,40,30,0.019230769230769232,0.0002289998810738325,10,56.73219064466534
SoA heuristic,100,75,0.007575757575757576,6.140000186860561e-05,25,312.9962736025825
MMG,100,75,0.007575757575757576,0.000980299897491932,25,312.9962736025825
SoA heuristic,200,150,0.0037688442211055275,9.779981337487698e-05,50,1145.3425874471968
MMG,200,150,0.0037688442211055275,0.003193699987605214,50,1145.3425874471968
SoA heuristic,400,300,0.0018796992481203006,0.00020389980636537075,100,5060.855817916153
MMG,400,300,0.0018796992481203006,0.012783600017428398,100,5060.855817916153
SoA heuristic,600,450,0.0012520868113522537,0.0002967999316751957,150,11518.316821751983
MMG,600,450,0.0012520868113522537,0.027697700075805187,150,11518.316821751983
SoA heuristic,1000,750,0.0007507507507507507,0.0005190002266317606,250,30739.158592071133
MMG,1000,750,0.0007507507507507507,0.07612470001913607,250,30739.158592071133
SoA heuristic,2000,1500,0.00037518759379689845,0.0010708000045269728,500,128919.36595573387
MMG,2000,1500,0.00037518759379689845,0.29585590003989637,500,128919.36595573387
SoA heuristic,4000,3000,0.00018754688672168043,0.0026513999328017235,1000,488847.23220194486
MMG,4000,3000,0.00018754688672168043,1.1940047999378294,1000,488847.23220194486
SoA heuristic,8000,6000,9.376172021502688e-05,0.00551419984549284,2000,1998315.3252949344
MMG,8000,6000,9.376172021502688e-05,4.888060000026599,2000,1998315.3252949344
SoA heuristic,20,15,0.039473684210526314,2.5600194931030273e-05,5,11.493301028268206
MMG,20,15,0.039473684210526314,0.00010269996710121632,5,11.493301028268206
SoA heuristic,40,30,0.019230769230769232,4.529999569058418e-05,10,51.361147679315714
MMG,40,30,0.019230769230769232,0.0002957000397145748,10,51.361147679315714
SoA heuristic,100,75,0.007575757575757576,6.230012513697147e-05,25,371.28912341348405
MMG,100,75,0.007575757575757576,0.0010102998930960894,25,371.28912341348405
SoA heuristic,200,150,0.0037688442211055275,0.00013120006769895554,50,1289.7541916369198
MMG,200,150,0.0037688442211055275,0.0033203000202775,50,1289.7541916369198
SoA heuristic,400,300,0.0018796992481203006,0.00023150001652538776,100,5189.434059452477
MMG,400,300,0.0018796992481203006,0.013559199869632721,100,5189.434059452477
SoA heuristic,600,450,0.0012520868113522537,0.0003233999013900757,150,11014.422855369843
MMG,600,450,0.0012520868113522537,0.031740699894726276,150,11014.422855369843
SoA heuristic,1000,750,0.0007507507507507507,0.0004988000728189945,250,31157.679152492317
MMG,1000,750,0.0007507507507507507,0.07646260014735162,250,31157.679152492317
SoA heuristic,2000,1500,0.00037518759379689845,0.0011917001102119684,500,125338.84954831527
MMG,2000,1500,0.00037518759379689845,0.2935488000512123,500,125338.84954831527
SoA heuristic,4000,3000,0.00018754688672168043,0.002175800036638975,1000,498765.1522401228
MMG,4000,3000,0.00018754688672168043,1.25601079990156,1000,498765.1522401228
SoA heuristic,8000,6000,9.376172021502688e-05,0.004507600096985698,2000,2001638.744218085
MMG,8000,6000,9.376172021502688e-05,4.8194186999462545,2000,2001638.744218085
SoA heuristic,20,15,0.039473684210526314,1.9999919459223747e-05,5,12.775331403796496
MMG,20,15,0.039473684210526314,9.320001117885113e-05,5,12.775331403796496
SoA heuristic,40,30,0.019230769230769232,3.0099879950284958e-05,10,38.56149556357657
MMG,40,30,0.019230769230769232,0.0002321999054402113,10,38.56149556357657
SoA heuristic,100,75,0.007575757575757576,5.950010381639004e-05,25,307.0799027473238
MMG,100,75,0.007575757575757576,0.0010088998824357986,25,307.0799027473238
SoA heuristic,200,150,0.0037688442211055275,0.00011000013910233974,50,1258.2789578559011
MMG,200,150,0.0037688442211055275,0.003446799935773015,50,1258.2789578559011
SoA heuristic,400,300,0.0018796992481203006,0.00020399992354214191,100,5114.156367498329
MMG,400,300,0.0018796992481203006,0.012868799967691302,100,5114.156367498329
SoA heuristic,600,450,0.0012520868113522537,0.00029850006103515625,150,11859.611823014882
MMG,600,450,0.0012520868113522537,0.028074400033801794,150,11859.611823014882
SoA heuristic,1000,750,0.0007507507507507507,0.0005181001033633947,250,31089.792685561428
MMG,1000,750,0.0007507507507507507,0.0755086001008749,250,31089.792685561428
SoA heuristic,2000,1500,0.00037518759379689845,0.0010106998961418867,500,123474.86123485619
MMG,2000,1500,0.00037518759379689845,0.29303320008330047,500,123474.86123485619
SoA heuristic,4000,3000,0.00018754688672168043,0.00236180005595088,1000,517964.02299069334
MMG,4000,3000,0.00018754688672168043,1.203599900007248,1000,517964.02299069334
SoA heuristic,8000,6000,9.376172021502688e-05,0.005291299894452095,2000,1977300.5688967789
MMG,8000,6000,9.376172021502688e-05,4.918487399816513,2000,1977300.5688967789
